"","landscape","patch.n","sw.diversity","sw.evenness"
"1","Early",33,0.901052969399989,0.820173758016461
"2","Late",50,1.0857306334446,0.98827461211168
