"","Landscape","Patch.Type","Landscape.Proportion","Patch.Count","Patch.Size.Mean","Edge.Area.Ratio"
"1","Early","Forestland",0.62,6,10.1666666666667,1.42622950819672
"2","Early","Grassland",0.26,16,1.5625,3.16666666666667
"3","Early","Agricultural",0.12,9,1.33333333333333,3.2
"4","Late","Forestland",0.41,13,3.15384615384615,2.31707317073171
"5","Late","Grassland",0.3,18,1.66666666666667,3.10344827586207
"6","Late","Agricultural",0.29,19,1.52631578947368,2.96666666666667
