"","type","patch.proportion","patch.n","patch.size.m","edge.area.ratio","landscape"
"1","Grassland",0.26,17,1.52941176470588,3.07692307692308,"Early"
"2","Forest",0.62,7,8.85714285714286,1.40322580645161,"Early"
"3","Agricultural",0.12,9,1.33333333333333,3.16666666666667,"Early"
"4","Grassland",0.3,18,1.66666666666667,2.96666666666667,"Late"
"5","Agricultural",0.29,19,1.52631578947368,3.10344827586207,"Late"
"6","Forest",0.41,13,3.15384615384615,2.29268292682927,"Late"
